club,type,target,total,side,target_total,total_roll,total_side
Driver,Tee,235,233,9,250,248,10
Driver,Tee,235,230,17,250,245,19
Driver,Tee,235,233,18,250,248,19
Driver,Tee,235,226,3,250,241,3
Driver,Tee,235,238,-4,250,253,-5
Driver,Tee,235,228,2,250,243,2
Driver,Tee,235,236,8,250,251,8
Driver,Tee,235,237,-9,250,252,-10
Driver,Tee,235,234,11,250,249,12
Driver,Tee,235,227,6,250,242,6
Driver,Tee,235,229,7,250,244,8
Driver,Tee,235,230,5,250,245,5
Driver,Tee,235,232,11,250,247,12
Driver,Tee,235,226,22,250,241,24
Driver,Tee,235,233,-11,250,248,-12
Driver,Tee,235,241,-8,250,256,-9
Driver,Tee,235,234,14,250,249,15
Driver,Tee,235,228,12,250,243,13
Driver,Tee,235,240,11,250,255,12
Driver,Tee,235,232,13,250,247,14
Driver,Tee,235,241,-18,250,256,-20
Driver,Tee,235,235,-3,250,250,-3
Driver,Tee,235,231,21,250,246,22
Driver,Tee,235,236,-1,250,251,-1
Driver,Tee,235,232,-20,250,247,-22
Driver,Tee,235,240,18,250,255,19
Driver,Tee,235,235,-8,250,250,-8
Driver,Tee,235,233,6,250,248,7
Driver,Tee,235,229,16,250,244,18
Driver,Tee,235,237,-8,250,252,-9
Driver,Tee,235,233,14,250,248,15
Driver,Tee,235,232,-16,250,247,-18
Driver,Tee,235,235,-4,250,250,-4
Driver,Tee,235,234,5,250,249,6
Driver,Tee,235,233,1,250,248,1
7i,Approach,155,155,3,160,160,3
7i,Approach,155,161,-6,160,166,-7
7i,Approach,155,155,5,160,160,5
7i,Approach,155,158,-5,160,163,-5
7i,Approach,155,160,-22,160,165,-23
7i,Approach,155,155,-3,160,160,-3
7i,Approach,155,152,6,160,157,6
7i,Approach,155,159,-5,160,164,-5
7i,Approach,155,151,5,160,156,5
7i,Approach,155,155,-3,160,160,-3
7i,Approach,155,156,2,160,161,2
7i,Approach,155,158,-15,160,163,-15
7i,Approach,155,148,9,160,153,9
7i,Approach,155,158,-2,160,163,-2
7i,Approach,155,155,-4,160,160,-4
7i,Approach,155,155,3,160,160,3
7i,Approach,155,153,-3,160,158,-4
7i,Approach,155,153,2,160,158,2
7i,Approach,155,155,-4,160,160,-4
7i,Approach,155,154,-6,160,159,-6
7i,Approach,155,157,-5,160,162,-5
7i,Approach,155,152,-4,160,157,-4
7i,Approach,155,152,5,160,157,6
7i,Approach,155,155,2,160,160,2
7i,Approach,155,156,1,160,161,1
7i,Approach,155,157,-2,160,162,-2
7i,Approach,155,149,4,160,154,4
7i,Approach,155,154,9,160,159,9
7i,Approach,155,155,19,160,160,20
7i,Approach,155,154,6,160,159,7
7i,Approach,155,154,4,160,159,4
7i,Approach,155,162,-12,160,167,-12
7i,Approach,155,163,-3,160,168,-3
7i,Approach,155,144,17,160,149,18
7i,Approach,155,155,-6,160,160,-6
PW,Approach,128,127,5,130,129,5
PW,Approach,128,124,3,130,126,3
PW,Approach,128,125,5,130,127,5
PW,Approach,128,128,-4,130,130,-4
PW,Approach,128,127,8,130,129,8
PW,Approach,128,131,-5,130,133,-5
PW,Approach,128,128,4,130,130,4
PW,Approach,128,133,-10,130,135,-10
PW,Approach,128,129,-3,130,131,-3
PW,Approach,128,127,8,130,129,8
PW,Approach,128,130,-5,130,132,-5
PW,Approach,128,125,1,130,127,1
PW,Approach,128,129,1,130,131,1
PW,Approach,128,128,-8,130,130,-8
PW,Approach,128,121,15,130,123,15
PW,Approach,128,132,-3,130,134,-3
PW,Approach,128,129,-2,130,131,-2
PW,Approach,128,129,-1,130,131,-1
PW,Approach,128,130,-1,130,132,-1
PW,Approach,128,127,8,130,129,8
PW,Approach,128,131,-9,130,133,-9
PW,Approach,128,125,-7,130,127,-7
PW,Approach,128,128,-4,130,130,-4
PW,Approach,128,130,-5,130,132,-5
PW,Approach,128,127,3,130,129,3
PW,Approach,128,127,4,130,129,4
PW,Approach,128,129,-4,130,131,-4
PW,Approach,128,123,11,130,125,11
PW,Approach,128,126,2,130,128,2
PW,Approach,128,125,7,130,127,7
PW,Approach,128,131,-5,130,133,-5
PW,Approach,128,127,8,130,129,8
PW,Approach,128,131,-10,130,133,-10
PW,Approach,128,124,4,130,126,4
PW,Approach,128,131,-6,130,133,-6
54,Approach,98,98,8,100,100,8
54,Approach,98,97,3,100,99,4
54,Approach,98,97,0,100,99,0
54,Approach,98,96,5,100,98,5
54,Approach,98,98,7,100,100,7
54,Approach,98,98,3,100,100,3
54,Approach,98,100,4,100,102,4
54,Approach,98,96,0,100,98,0
54,Approach,98,99,-7,100,101,-7
54,Approach,98,99,-2,100,101,-3
54,Approach,98,103,2,100,105,2
54,Approach,98,96,6,100,98,6
54,Approach,98,96,2,100,98,2
54,Approach,98,98,3,100,100,3
54,Approach,98,98,-4,100,100,-4
54,Approach,98,97,-1,100,99,-1
54,Approach,98,99,-7,100,101,-7
54,Approach,98,96,-3,100,98,-4
54,Approach,98,98,-1,100,100,-1
54,Approach,98,100,-1,100,102,-1
54,Approach,98,97,-2,100,99,-2
54,Approach,98,100,-2,100,102,-3
54,Approach,98,98,1,100,100,1
54,Approach,98,99,6,100,101,6
54,Approach,98,97,-2,100,99,-2
54,Approach,98,96,3,100,98,3
54,Approach,98,100,6,100,102,6
54,Approach,98,99,3,100,101,3
54,Approach,98,99,-3,100,101,-3
54,Approach,98,99,0,100,101,0
54,Approach,98,97,0,100,99,0
54,Approach,98,96,9,100,98,9
54,Approach,98,95,6,100,97,7
54,Approach,98,98,-1,100,100,-1
54,Approach,98,101,-8,100,103,-8
58,Approach,73,71,3,75,73,3
58,Approach,73,74,2,75,76,2
58,Approach,73,71,6,75,73,6
58,Approach,73,73,5,75,75,5
58,Approach,73,73,-1,75,75,-1
58,Approach,73,73,-4,75,75,-4
58,Approach,73,71,1,75,73,1
58,Approach,73,72,8,75,74,8
58,Approach,73,75,-3,75,77,-3
58,Approach,73,72,3,75,74,3
58,Approach,73,72,-2,75,74,-2
58,Approach,73,72,3,75,74,3
58,Approach,73,73,-2,75,75,-2
58,Approach,73,75,-3,75,77,-3
58,Approach,73,72,0,75,74,0
58,Approach,73,75,-1,75,77,-1
58,Approach,73,72,-2,75,74,-2
58,Approach,73,72,2,75,74,2
58,Approach,73,72,1,75,74,1
58,Approach,73,70,2,75,72,2
58,Approach,73,73,-3,75,75,-3
58,Approach,73,74,-5,75,76,-5
58,Approach,73,71,2,75,73,2
58,Approach,73,71,3,75,73,3
58,Approach,73,73,-2,75,75,-2
58,Approach,73,73,0,75,75,0
58,Approach,73,74,-3,75,76,-3
58,Approach,73,71,1,75,73,1
58,Approach,73,73,3,75,75,4
58,Approach,73,74,1,75,76,1
58,Approach,73,75,-4,75,77,-4
58,Approach,73,72,1,75,74,1
58,Approach,73,74,2,75,76,2
58,Approach,73,74,-1,75,76,-1
58,Approach,73,73,1,75,75,1